Name des RZ (Recherche);Betreiber (Recherche);Eigentümer (Recherche);Sitz des Eigentümers (Recherche);Art des Eigentümers (Recherche);Art des RZ (Expertenmeinung);Status (Recherche);Wahrscheinlichkeit (%) (Expertenmeinung);Baustatus (Recherche);Region (Recherche);Metro region (Recherche);Stadt (Recherche);Postleitzahl (Recherche);Latitude;Longitude;Gesamtfläche Gebäude (m²) (Recherche);Fläche für IT (m²) (Recherche);Netzanschluss (kW) (Recherche);Stromkapazität für IT (kW) (Recherche);Geplante Inbetriebnahme (Recherche);Verifizierte Quelle 1;Verifizierte Quelle 2;Verifizierte Quelle 3;Verifizierte Quelle 4;Verifizierte Quelle 5;Verifizierte Quelle 6
AI Factory Amberg - Phase 1;Polarise Holding GmbH;SWI Capital Holding Ltd.;Germany;Investor;Hyperscale;under_construction;100;under_construction;Bayern;München;Amberg (Wertachtal);86854;48.0869;10.695;;;30000;;2027-01-01;https://press.siemens.com/de/de/pressemitteilung/siemens-errichtet-digitale-zukunftsfabrik-amberg;https://www.datacenter-insider.de/polarise-baut-ai-factory-im-unterallgaeu-a-37c7798a876ee7946b94837764285f64/;https://www.kreisbote.de/lokales/allgaeu/in-unterallgaeuer-gemeinde-amberg-soll-ki-rechenzentrum-mit-enormer-kapazitaet-entstehen-94216828.html;https://www.onvista.de/news/2026/03-10-startup-polarise-plant-weiteres-milliardenschweres-ki-rechenzentrum-in-bayern-0-20-26487926;;
AI Factory Amberg - Phase 2;Polarise Holding GmbH;SWI Capital Holding Ltd.;Germany;Investor;Hyperscale;planned;10;planning;Bayern;München;Amberg (Wertachtal);86854;48.0869;10.695;;;90000;;2027-01-01;https://press.siemens.com/de/de/pressemitteilung/siemens-errichtet-digitale-zukunftsfabrik-amberg;https://www.datacenter-insider.de/polarise-baut-ai-factory-im-unterallgaeu-a-37c7798a876ee7946b94837764285f64/;https://www.kreisbote.de/lokales/allgaeu/in-unterallgaeuer-gemeinde-amberg-soll-ki-rechenzentrum-mit-enormer-kapazitaet-entstehen-94216828.html;https://www.onvista.de/news/2026/03-10-startup-polarise-plant-weiteres-milliardenschweres-ki-rechenzentrum-in-bayern-0-20-26487926;;
AnoMed;Universität Lübeck;Universität Lübeck;Germany;University;University;under_construction;100;under_construction;Schleswig-Holstein;Lübeck;Lübeck;23562;53.8343287;10.70358696;400;;;;2026-01-01;https://www.datacenter-insider.de/luebeck-plant-ki-rechenzentrum-fuer-medizin-und-forschung-a-a04fdf8dbaa0b154e05dca7318427110/;;;;;
AtlasEdge HAM002;AtlasEdge;Digital Bridge;United States;Investor;Co-Location;under_construction;100;under_construction;Hamburg;Hamburg;Ahrensburg;22926;53.67874503;10.27050567;;;12800;;;https://atlasedge.com/de/atlasedge-baut-rechenzentrum-ham002-in-der-region-hamburg-aus/;;;;;
AWS European Sovereign Cloud - Rechenzentrum Baruth/Mark;AWS Germany GmbH;Amazon;United States;Operator;Hyperscale;planned;100;planning;Brandenburg;Berlin-Brandenburg;Baruth;15837;52.07740662;13.50660787;;;100000;;;https://www.datacenter-insider.de/aws-erweitert-mit-neuen-local-zones-europaeische-standorte-a-bcd282d1f51e67e79154e70258f7b077/;https://www.maz-online.de/lokales/teltow-flaeming/amazon-investiert-in-baruth-neues-rechenzentrum-im-gewerbegebiet-bernhardsmueh-geplant-NFYBJYM6U5EZ3DSRLSIDU43VBI.html;;;;
AWS European Sovereign Cloud - Rechenzentrum Massen (Finsterwalde/Elbe-Elster);AWS Germany GmbH;Amazon;United States;Operator;Hyperscale;under_construction;100;under_construction;Brandenburg;Lausitz/Südbrandenburg;Finsterwalde (Elbe-Elster);03238;51.63572311;13.73914809;;;200000;;;https://www.datacenter-insider.de/aws-baut-rechenzentrum-bei-finsterwalde-im-gewerbegebiet-massen-a-4d9b9567a4bcf8f12f5307d6d5a95b57/;;;;;
AWS-Rechenzentrum Schöneck-Kilianstädten;Amazon Web Services;Amazon;United States;Operator;Hyperscale;planned;80;planning;Hessen;Frankfurt;Schöneck;61137;50.20707232;8.86600846;;;100000;;;https://www.datacenter-insider.de/aws-rechenzentrum-soll-schoeneck-aus-der-schuldenkrise-fuehren-a-bbf8c53c2949f395c703a3a804fc7314/;https://vorsprung-online.de/mkk/schoeneck/schoeneck/amazon-rechenzentrum-sch%C3%B6neck-undurchsichtiges-verfahren.html;https://www.op-online.de/region/main-kinzig-kreis/schoeneck/buergerinitiative-bewertet-plaene-fuer-rechenzentrum-weiter-kritisch-94194885.html;https://www.datacentermap.com/germany/frankfurt/amazon-aws-schoneck/specs/;;
Bad Lippspringe - Phase 1;YEXIO;Palladio Partners;Germany;Investor;Co-Location;under_construction;;groundbreaking;Nordrhein-Westfalen;Ostwestfalen-Lippe;Bad Lippspringe;33175;51.77786875;8.79000083;;;2000;;2026-01-01;https://www.datacenter-insider.de/spatenstich-fuer-yexio-datacenter-in-bad-lippspringe-a-ca25c0f252b5f4224498c561613be043/;https://hochtief-pppsolutions.de/de/aktuelles/details/hochtief-und-palladio-partners-starten-bau-eines-yexio-rechenzentrums-in-bad-lippspringe;https://www.palladio-partners.com/de/aktuelles/hochtief-und-palladio-partners-starten-bau-eines-yexio-rechenzentrums-in-bad-lippspringe/;;;
Bad Lippspringe - Phase 2;YEXIO;Palladio Partners;Germany;Investor;Co-Location;under_construction;;groundbreaking;Nordrhein-Westfalen;Ostwestfalen-Lippe;Bad Lippspringe;33175;51.77786875;8.79000083;;;2000;;2026-01-01;https://www.datacenter-insider.de/spatenstich-fuer-yexio-datacenter-in-bad-lippspringe-a-ca25c0f252b5f4224498c561613be043/;https://hochtief-pppsolutions.de/de/aktuelles/details/hochtief-und-palladio-partners-starten-bau-eines-yexio-rechenzentrums-in-bad-lippspringe;https://www.palladio-partners.com/de/aktuelles/hochtief-und-palladio-partners-starten-bau-eines-yexio-rechenzentrums-in-bad-lippspringe/;;;
Bad Mergentheim;Data Center Group;Caritas Krankenhaus;Germany;;Enterprise;under_construction;;groundbreaking;Baden-Württemberg;Heilbronn-Franken;Bad Mergentheim;97922;49.52821282;9.77743736;147;;;;2026-01-01;https://www.datacenter-insider.de/ein-ki-faehiges-rechenzentrum-fuer-die-barmherzigen-brueder-a-e397b6e5b9165f30509e4dc89379fbe3/;https://www.datacentermap.com/germany/bad-mergentheim/caritas-krankenhaus-bad-mergentheim/;https://datacenter-group.com/de/news-stories/artikel/spatenstich-fuer-neues-rechenzentrum-der-bbt-gruppe/;;;
Bad Vilbel;Vantage Data Centers;Digital Bridge;United States;Investor;Co-Location;planned;70;planning;Hessen;Frankfurt;Bad Vilbel;61118;50.196385;8.73838184;;;;160000;;https://www.fnp.de/lokales/wetteraukreis/bad-vilbel/zum-rechenzentrum-viele-fragen-93810708.html;;;;;
Bedburg;Microsoft;Microsoft;United States;Operator;Hyperscale;under_construction;80;groundbreaking;Nordrhein-Westfalen;Rheinisches Revier/Köln;Bedburg;50181;50.99658712;6.54017257;180000;;173000;;;https://www.bft-enviri.de/projekt/gewerbegebiet-beb61/;https://www.bund-nrw.de/themen/braunkohle/strukturwandel-im-revier/stoppt-den-flaechenfrass-im-rheinischen-revier/;https://www.rheinisches-revier.de/service/neuigkeiten/detail/spatenstich-fuer-microsoft-rechenzentrums-cluster-im-rheinischen-revier;https://www.wirtschaft.nrw/spatenstich-fuer-die-microsoft-rechenzentren-im-rheinischen-revier-nordrhein-westfalen-wird;;
BER02;Maincubes;DTCP;Germany;Investor;Co-Location;under_construction;80;under_construction;Brandenburg;Berlin-Brandenburg;Nauen;14614;52.5935;12.8929999;15000;;186000;;2027-01-01;https://www.datacenter-insider.de/maincubes-expandiert-200-mw-datacenter-campus-in-nauen-geplant-a-1034bc09b98c18439eeb899cfcb5396a/?cflt=rdt;https://www.datacentermap.com/germany/berlin/maincubes-ber02/;https://www.maincubes.com/wp-content/uploads/2026/02/maincubes_factsheet_ber02_de.pdf;https://www.rbb24.de/wirtschaft/beitrag/2026/03/havelland-nauen-rechenzentrum-spatenstich-campus-umspannwerk-bau.html;;
BER2;Vantage Data Centers;Digital Bridge;United States;Investor;Co-Location;under_construction;50;under_construction;Brandenburg;Berlin;Mittenwalde;15749;52.26416425;13.57308023;;;;32000;;https://www.datacentermap.com/germany/berlin/vantage-ber2-berlin-ii-campus/specs/;https://vantage-dc.com/data-center-locations/emea/berlin-ii-germany/;;;;
Bergheim;Microsoft;Microsoft;United States;Operator;Hyperscale;under_construction;;groundbreaking;Nordrhein-Westfalen;Rheinisches Revier/Köln;Bergheim;50126;50.95849708;6.58979849;260000;;173000;;2028-01-01;https://www1.wdr.de/mediathek/audio/wdr5/wdr5-mittagsecho/audio-microsoft-baut-ki-rechenzentrum-in-nrw-100.html;https://www1.wdr.de/nrw/rheinland/bergheim-bedburg-elsdorf-microsoft-rechenzentrum-spatenstich-internet-ki-100.html;https://www.bund-nrw.de/themen/braunkohle/strukturwandel-im-revier/stoppt-den-flaechenfrass-im-rheinischen-revier/;https://www.rundschau-online.de/region/rhein-erft/elsdorf/elsdorf-microsoft-baut-weiteres-rechenzentrum-in-rhein-erft-2-1105971;;
Berlin 1;NorthC;Antin Infrastructure Partners;France;Investor;Co-Location;under_construction;80;under_construction;Berlin;Berlin;Berlin;10365;52.5317087;13.497792;;;7000;;2027-06-01;https://www.northcdatacenters.com/de/northc-datacenters/berlin-1/;;;;;
Berlin 1 & 2;Colt;Colt;United Kingdom;Operator;Co-Location;under_construction;80;under_construction;Berlin;Berlin;Herzberge;12681;52.52392538;13.52883837;;;;54000;2028-01-01;https://www.coltdatacentres.net/de-DE/press-releases/data-centres/2025/04/german-expansion;;;;;
Berlin 3;NTT Data;NTT;Japan;Operator;Co-Location;planned;60;planning;Brandenburg;Berlin-Brandenburg;Brieselang;14656;52.59645986;12.9733279;;;96000;;;https://www.gdc-im-dialog.de/berlin/berlin-3-data-center/default.aspx;https://www.gemeindebrieselang.de/Aktuelles/Verzoegerung-Baubeginn-fuer-Rechenzentrum-erst-Ende-2027-geplant.html;;;;
Berlin-Ragow;Unknown;Yondr;United Kingdom;Developer;Hyperscale;under_construction;80;under_construction;Brandenburg;Berlin;Mittenwalde;15749;52.2913672;13.55371215;;;;42000;;https://www.datacenterdynamics.com/en/news/yondr-plans-42mw-campus-in-berlin-germany/;;;;;
BEW Berliner Energie und Wärme GmbH Rummelsberg;Unknown;BEW Berliner Energie und Wärme GmbH;Germany;Utility;Co-Location;planned;20;planning;Berlin;Berlin;Rummelsberg;10317;52.48840999;13.49640945;;;40000;;2030-01-01;https://pardok.parlament-berlin.de/starweb/adis/citat/VT/19/SchrAnfr/S19-21924.pdf;https://karlshorst.de/2025/01/eine-muellverbrennung-durch-die-hintertuer/;;;;
Bischofsheim - Phase 2;Unknown;Yondr;United Kingdom;Developer;Hyperscale;planned;40;planning;Hessen;Frankfurt;Bischofsheim;65474;49.99039826;8.335899;;;20000;;;https://www.datacenter-insider.de/yondr-nimmt-20-megawatt-rechenzentrum-bei-frankfurt-in-betrieb-a-1bd7792b5526937374a74d67d19df77c/;;;;;
Blue Future Technologiegebiet;Unknown;FAB Gesellschaft für die Gebietsentwicklung;Germany;Developer;Co-Location;planned;20;planning;Thüringen;Wartburgkreis/Eisenach;Eisenach;99817;51.0025907;10.37242291;;;300000;;;https://www.eisenach.de/service/pressemitteilungen/pressemitteilung-im-detail/neues-rechenzentrum-oberbuergermeister-wirbt-fuer-investition/;https://www.datacenter-insider.de/flaeche-fuer-hyperscale-rechenzentrum-in-eisenach-a-6b0bf5a8b6f5c791c8db16cc49c0da98/;https://web.archive.org/web/20260606071823/https://eisenacher-aufbruch.de/wordpress/rechenzentrum-in-stockhausen-nein-danke/;;;
Bluestar Datacenter;;PREA Group GmbH;Germany;Developer;Co-Location;under_construction;10;under_construction;Berlin;Berlin;Berlin;10365;52.53155131;13.50987264;;;100000;;2028-01-01;https://www.entwicklungsstadt.de/vom-bundesgrundstueck-zum-rechenzentrum-der-aktuelle-stand-am-pyramidenring/;https://www.youtube.com/watch?v=Bptz8AZ5DaI;;;;
Brake;YEXIO;Palladio Partners;Germany;Investor;Co-Location;planned;60;planning;Niedersachsen;Weser-Ems;Brake;26919;53.3373687;8.46161381;;;;2000;2027-01-01;https://www.nwzonline.de/wesermarsch/nachhaltiges-rechenzentrum-hochtief-investiert-millionen-in-brake-bis-2027_a_4,1,4155056541.html;;;;;
Busdorf;Unknown;Uniq Land;Germany;Developer;Co-Location;planned;10;planning;Schleswig-Holstein;Schleswig/Flensburg;Busdorf;24866;54.47637276;9.54216847;;;150000;;2029-01-01;https://www.ndr.de/nachrichten/schleswig-holstein/rechenzentren-in-nordfriesland-das-planen-die-investoren,rechenzentrum-langenhorn-100.html;;;;;
Campus Hanau (Großauheim);Data4;Data4;France;Operator;Co-Location;under_construction;;under_construction;Hessen;Frankfurt;Hanau;63457;50.09562904;8.96338752;;;;180000;;https://www.hessenschau.de/wirtschaft/data4-legt-grundstein-in-hanau-entsteht-ein-mega-rechenzentrum-v2,grundsteinlegung-rechenzentrum-campus-hanau-100.html;;;;;
Campus in Höchst;Unknown;CloudHQ LLC;United States;Developer;Hyperscale;planned;60;planning;Hessen;Frankfurt am Main West;Höchst;65926;50.0912;8.5346;217000;;;276000;2027-12-31;https://www.entwicklungsstadt.de/bau-des-cloud-hq-rechenzentrums-in-frankfurt-hoechst-startet-2026/;;;;;
Campus Mehrum;Telis Energie;Carlyle Group;United States;Investor;Co-Location;planned;30;planning;Niedersachsen;Hannover;Mehrum;31249;52.31679798;10.09576679;;;500000;;2030-01-01;https://www.heise.de/news/US-Investor-plant-grosses-Rechenzentrum-in-Niedersachsen-11216481.html;https://www.computerbase.de/news/wirtschaft/milliardenprojekt-grosses-rechenzentrum-in-niedersachsen-geplant.96594/;https://www.ndr.de/nachrichten/niedersachsen/braunschweig_harz_goettingen/landkreis-peine-unternehmen-will-grosses-rechenzentrum-bauen,aktuellbraunschweig-2272.html;https://www.datacenterdynamics.com/en/news/telis-energie-deutschland-plans-500mw-data-center-in-lower-saxony-germany/;;
DataHall Halle (Saale);;Datahall GmbH;;;;;;planning;Sachsen-Anhalt;;Halle (Saale);06130;51.46113622;11.99090816;;;4000;;2027-06-01;https://www.datacenter-insider.de/datahall-plant-innovatives-energie-optimiertes-rechenzentrum-in-halle-a-0338de0998c5562544ef0ce798329506/;https://www.datacenterdynamics.com/en/news/germanys-datahall-plans-data-center-outside-leipzig/;https://datahall.de/;;;
dataR;dataR GmbH;X-Ion GmbH;Germany;Operator;Co-Location;under_construction;100;under_construction;Schleswig-Holstein;Hamburg;Rellingen;25462;53.63513694;9.87248008;2500;;6000;5000;2026-01-01;https://www.datacenter-insider.de/datar-bei-hamburg-steht-kurz-vor-dem-start-a-e2609ea7e64cdac3a1399a0e46fb9fa3/;https://www.ndr.de/nachrichten/schleswig-holstein/pinneberg_segeberg_stormarn/rechenzentrum-rellingen-ab-sommer-einsatzbereit,regionnorderstedtnews-1194.html;;;;
Dietzenbach;Google;Google;United States;Operator;Hyperscale;under_construction;100;under_construction;Hessen;Frankfurt;Dietzenbach;63128;50.0201638;8.79598976;45000;;;;2029-01-01;https://www.op-online.de/region/dietzenbach/google-investiert-in-rechenzentrum-dietzenbach-und-schafft-jobs-94036653.html;https://www.hessenschau.de/tv-sendung/google-baut-neues-rechenzentrum-in-dietzenbach,video-217370.html;https://www.dietzenbach.de/index.php?ModID=255&FID=3651.28294.1&object=tx%2C3651.6;;;
Digital Park Fechenheim;Digital Realty;Digital Realty Trust;United States;Investor;Co-Location;under_construction;80;under_construction;Hessen;Frankfurt;Frankfurt-Fechenheim;60386;50.12433602;8.74887678;90000;;;200000;2030-01-01;https://www.datacenter-insider.de/das-erste-denkmalgeschuetzte-grossrechenzentrum-a-908c3e27a44eaade90e5b526205b1303/;https://www.entwicklungsstadt.de/rechenzentren-auf-historischem-gelaende-baufortschritt-im-digitalpark-fechenheim/;;;;
Dorfen;YEXIO;Palladio Partners;Germany;Investor;Co-Location;under_construction;70;groundbreaking;Bayern;München;Dorfen;84405;48.2597625;12.15723301;7500;;;2000;2027-01-01;https://www.datacenter-insider.de/spatenstich-in-dorfen-hier-entsteht-das-dritte-yexio-rechenzentrum-a-82b1b0f4b2ba0b4b1a763ff913e784e7/?cflt=rdt;https://www.datacenter-insider.de/yexio-rechenzentrum-entsteht-in-dorfen-bei-muenchen-a-84ea1a922c090a4ac2e6f0775b26733a/?cflt=rel;https://www.dorfen.de/mitteilung/Spatenstich-YEXIO-Rechenzentrum-article3506;;;
Dummerstorf;Schwarz Digits, STACKIT;Freo Group;Germany;Developer;Hyperscale;planned;30;planning;Mecklenburg-Vorpommern;Rostock;Dummerstorf;18196;54.01754534;12.22256665;;;1200000;;;https://www.nordkurier.de/regional/mecklenburg-vorpommern/gigantisches-rechenzentrum-in-mv-milliarden-investition-kurz-vor-der-wahl-4792221;https://www.ndr.de/nachrichten/mecklenburg-vorpommern/rostock/dummerstorf-eines-der-weltweit-groessten-rechenzentren-geplant,mvregiorostock-1176.html;https://www.datacenter-insider.de/dummerstorf-und-das-12-gw-rechenzentrum-was-ist-an-den-geruechten-wirklich-dran-a-474c3ae2a55709c0f81b7347ea74ad8a/;;;
Elsdorf;Microsoft;Microsoft;United States;Operator;Hyperscale;planned;70;planning;Nordrhein-Westfalen;Rheinisches Revier/Köln;Elsdorf;50170;50.89671958;6.6408333;;;173000;;;https://www.heise.de/news/Deutsches-Riesen-Rechenzentrum-von-Microsoft-Azure-kann-520-Megawatt-verheizen-11216718.html;https://www.elsdorf.de/rathaus-service/verwaltung/aktuell/2419/microsoft-siedelt-sich-in-elsdorf-an;https://www.elsdorf.de/rathaus-service/verwaltung/aktuell/1973/bergheim-bedburg-und-elsdorf-holen-weltkonzern-microsoft-ins-rheinische-revier;;;
Engrida;Unknown;Wirth Gruppe;Germany;Developer;Co-Location;planned;20;planning;Baden-Württemberg;Rhein-Neckar / Karlsruhe;Philippsburg;76661;49.22551595;8.47041257;;;700000;;;https://www.energate-messenger.de/news/263093/philippsburg-wird-standort-fuer-rechenzentrum;https://www.swr.de/swraktuell/baden-wuerttemberg/karlsruhe/hyperscale-rechenzentrum-in-philippsburg-geplant-100.html;;;;
Finanzverwaltung NRW;Finanzverwaltung;Land NRW;Germany;Government;Government;under_construction;100;foundation_laid;Nordrhein-Westfalen;Düsseldorf/Köln;Kaarst;41564;51.21015477;6.63108595;37000;;;;2026-01-01;https://www.finanzverwaltung.nrw.de/dienststellen/rechenzentrum-der-finanzverwaltung-nrw/finanzverwaltung-baut-neues-rechenzentrum;;;;;
FRA II;Unknown;Goodman;Australia;Developer;Co-Location;under_construction;80;under_construction;Hessen;Frankfurt;Neu-Isenburg;63263;50.04287748;8.68595915;50000;;;54000;2026-01-01;https://www.op-online.de/region/neu-isenburg/88-tonnen-transformatoren-erreichen-die-goodmans-baustelle-94286899.html;https://www.lupp.de/richtfest-fuer-das-rechenzentrumsprojekt-fra02-substation-in-neu-isenburg;https://de.goodman.com/unsere-immobilien/immobilien-zu-vermieten/fra-ii;https://www.datacenter-insider.de/goodman-baut-54-mw-campus-fra-2-in-neu-isenburg-a-c2358ca23bacc0ea0927cdebfe492f00/;;
FRA01;;STACK Infrastructure;United States;;Hyperscale;under_construction;;under_construction;Hessen;Frankfurt;Liederbach am Taunus;65835;50.11484397;8.50546024;;;96000;;;;;;;;
FRA03;Unknown;CloudHQ LLC;United States;Developer;Hyperscale;planned;90;planning;Hessen;Frankfurt;Offenbach am Main;65929;50.0912157;8.53465973;;;;93000;2026-01-01;https://www.op-online.de/offenbach/offenbach-cloud-hq-an-rowentastrasse-geplant-neues-datenzentrum-in-93892276.html;;;;;
FRA11 and FRA12;EdgeConneX;EQT;Sweden;Investor;Hyperscale;under_construction;100;under_construction;Hessen;Frankfurt;Heusenstamm;63150;50.06444887;8.80049726;57000;;;;;https://www.op-online.de/region/heusenstamm/heusenstammer-stadtpolitiker-diskutieren-bebauungsplan-fuer-rechenzentren-93533027.html;https://www.heusenstamm.de/de/leben-und-wohnen/bauen-und-wohnen/in-heusenstamm-wird-gebaut/item/5430/9242/campus-neubau-zweier-rechenzentren;;;;
FRA2 - Frankfurt II Campus;Vantage;DigitalBridge;United States;Investor;Co-Location;under_construction;90;under_construction;Hessen;Frankfurt;Raunheim;65479;50.01272217;8.4612461;;45000;;56000;;https://vantage-dc.com/fr/data-center-locations/emea/frankfurt-ii-germany/;https://www.datacentermap.com/germany/frankfurt/vantage-fra2-frankfurt-ii/;;;;
FRA3;Noris Network AG;Maincubes;Germany;Developer;Co-Location;under_construction;;under_construction;Hessen;Frankfurt;Schwalbach (am Taunus);65824;50.16085248;8.53456988;;7000;30000;;2027-01-01;https://www.datacenter-insider.de/maincubes-nimmt-ersten-bauabschnitt-von-fra03-in-betrieb-a-95df5d6a298a4dd8aa2b1c444f2eef28/;https://www.noris.de/presse/ki-hub-entsteht-in-schwalbach-am-taunus-noris-network-baut-30-megawatt-rechenzentrum/;https://www.datacenter-insider.de/rechenzentrum-heizt-die-stadt-a-70a2d8b0b4a9744aeff8931f7bc1a935/;;;
FRA4;NTT DATA;NTT;Japan;Operator;Co-Location;under_construction;;under_construction;Hessen;Frankfurt;Hattersheim;65795;50.06714015;8.47331109;;14200;;34400;2028-01-01;https://www.fnp.de/lokales/main-taunus/hattersheim-ort87439/plan-ntt-startet-bau-in-hattersheim-trotz-laufender-klage-gegen-94120285.html;https://www.fnp.de/lokales/main-taunus/hattersheim-ort87439/ionos-stoppt-bau-in-hattersheim-wegen-klage-gegen-bebauungsplan-94148163.html;https://services.global.ntt/de-de/services-and-products/global-data-centers/global-locations/emea/frankfurt-4-data-center;;;
FRA6;NTT DATA;NTT;Japan;Operator;Co-Location;planned;;planning;Rheinland-Pfalz;Rhein-Main;Nierstein;55283;49.84710208;8.29185004;;;;480000;2029-01-01;https://ee-hub.de/branchenwissen/dpa-meldungen/rechenzentrum-projekt-in-nierstein-nimmt-naechsten-schritt-e6164796dcd7d584201b12f3b87eb468;https://www.gdc-im-dialog.de/frankfurt6/frankfurt-6-data-center/default.aspx;https://www.swr.de/swraktuell/rheinland-pfalz/mainz/neue-details-zum-geplanten-rechenzentrum-im-niersteiner-rhein-selz-park-100.html;;;
FRA7;;firstcolo GmbH;Germany;;Co-Location;under_construction;;groundbreaking;Hessen;Frankfurt;Rosbach;61191;50.29497449;8.70025497;;18000;;24000;2027-01-01;https://firstcolo.net/standorte/ai-ready-rechenzentrum-rosbach/;https://www.datacenter-insider.de/gruenes-licht-fuer-drittes-firstcolo-rechenzentrum-in-rhein-main-a-f1ded510b9cb09756b13fb3a3054c1f4/;;;;
FRA7;CyrusOne;KKR;United States;Investor;Co-Location;under_construction;;under_construction;Hessen;Frankfurt;Griesheim;65933;50.09238106;8.57943829;;25266;;81000;2026-01-01;https://www.cyrusone.com/data-centers/emea/frankfurt-germany-fra7;;;;;
Frank Cube;Unknown;Argaman Group;Germany;Developer;Co-Location;planned;30;planning;Hessen;Osthessen/Vogelsberg;Birstein;63633;50.36189233;9.30868315;;;;200000;2028-01-01;https://www.datacenter-insider.de/gruenes-licht-fuer-200-megawatt-rechenzentrum-frank-cube-a-1fe30ab9525696cdf9f0e5b4c4ae7dd8/;https://www.datacenter-insider.de/argaman-plant-200-megawatt-rechenzentrum-in-birstein-a-43fd5ddc7c8200bdcbb56eded5e2f45d/?cflt=rel;;;;
Frankfurt 2;NorthC;Antin Infrastructure Partners;France;Investor;Co-Location;under_construction;;under_construction;Hessen;Frankfurt;Neu-Isenburg;63263;50.04527068;8.68601484;;1830;;4500;2027-01-01;https://www.datacenter-insider.de/northc-kauft-grundstueck-in-neu-isenburg-fuer-frankfurt-2-a-7a29ac12eb92a51ff7c5a9eda85f8c9c/;;;;;
Frankfurt 4+5;Unknown;Colt Data Centers;United Kingdom;Developer;Hyperscale;under_construction;;under_construction;Hessen;Frankfurt;Wiesbaden;65760;50.13353492;8.5793686;73000;;;63000;2028-01-01;https://www.coltdatacentres.net/de-DE/our-locations/data-centre-locations-europe/frankfurt-4-and-5;https://www.coltdatacentres.net/de-DE/press-releases/data-centres/2025/04/german-expansion;;;;
Frankfurt Oder Data FFO AI;Frankfurt Data AI GmbH;SolWo Holding GmbH;Germany;Developer;Co-Location;planned;20;planning;Brandenburg;Frankfurt (oder);Markendorf (Frankfurt Oder);15236;52.30384548;14.47132493;60000;;330000;;;https://www.rbb24.de/wirtschaft/beitrag/2026/03/brandenburg-frankfurt-oder-markendorf-milliarden-investition-rechenzentrum.html;https://www.datacenter-insider.de/frankfurt-oder-plant-330-mw-rechenzentrum-a-df996e7e0129c9c589bbf1bdf8fef58c/;;;;
Freyenstein;Unknown;noya group;Germany;Developer;Co-Location;planned;10;planning;Brandenburg;Prignitz/Nordwestbrandenburg;Freyenstein;16909;53.27804253;12.35895577;;;700000;;;https://www.rbb24.de/wirtschaft/beitrag/2026/04/ostprignitz-ruppin-rechenzentrum-geplant-freyenstein-protest.html;https://www.datacenter-insider.de/150-hektar-rechenzentrum-bei-freyenstein-geplant-a-80e6983becd4d357bda219938d6695ac/;;;;
Gewerbepark Wesseling-Urfeld;Unknown;Unknown;Unknown;Developer;Co-Location;planned;10;planning;Nordrhein-Westfalen;Düsseldorf/Köln;Wesseling-Urfeld;50389;50.80262188;6.99390704;;;10000;;;https://www.datacenter-insider.de/rechenzentrums-standort-zwischen-koeln-und-bonn-in-planung-a-565f8b46e3a6c5f325df4839c92c72dc/?cflt=rdt;https://www.o-sp.de/wesseling/plan?pid=29457;;;;
Green Rocks / FRA1-Mainz;Unknown;Green Mountain KMW;Norway;Developer;Co-Location;under_construction;100;topping_out;Rheinland-Pfalz;Rhein-Main;Mainz;55120;50.02709368;8.24168947;;;54000;;2026-01-01;https://www.greenmountain-kmw.com/;;;;;
GreenRock Rothenschirmbach;Unknown;GreenRock Real Estate GmbH;Germany;Developer;Co-Location;planned;10;planning;Sachsen-Anhalt;Halle/Leipizig;Rothenschirmbach;06295;51.44583368;11.54030702;95000;;300000;;;https://greenrock.eu/wp-content/uploads/2026/02/2026-02-20_GreenRock_GR5_Presse.pdf;;;;;
Grevenbroich;Microsoft;Microsoft;United States;Operator;Hyperscale;planned;70;planning;Nordrhein-Westfalen;Rheinisches Revier/Köln;Grevenbroich;41515;51.09051608;6.61088613;230000;;;;2030-01-01;https://www.handelsblatt.com/technik/ki/microsoft-us-konzern-kuendigt-weiteres-rechenzentrum-in-nrw-an/100235272.html;https://www.grevenbroich.de/detail/news/4199-microsoft-plant-rechenzentrum-in-grevenbroich/;https://www1.wdr.de/nrw/niederrhein/rhein-kreis-neuss/grevenbroich-kriegt-microsoft-rechenzentrum-100.html;https://www.facebook.com/reel/879938155178335;https://www.ferner-alsdorf.de/rechenzentrumsboom-in-nrw-und-die-gesellschaft/;https://www.openpetition.de/petition/blog/stop-hyperscale-rechenzentrum-und-digitalpark-in-grevenbroich-im-rheinischen-revier/2?language=et_EE.utf8
Hamm/Lippetal;QTS;Blackstone;United States;Developer;Co-Location;planned;40;planning;Nordrhein-Westfalen;Ruhrgebiet;Lippetal;59510;51.69358618;7.97365743;;;;200000;2030-01-01;https://www.hamm.de/gesellschaft-soziales-gesundheit/news/eines-der-groessten-rechenzentren-deutschlands;https://www.datacenter-insider.de/blackstone-plant-milliarden-campus-in-lippetal-a-019e299b5c3ba479483e15cade25e814/;https://www1.wdr.de/nachrichten/westfalen-lippe/rat-lippetal-rechenzentrum-100.html;;;
Herne;YEXIO;Palladio Partners;Germany;Investor;Co-Location;under_construction;50;groundbreaking;Nordrhein-Westfalen;Ruhrgebiet;Herne;44629;51.5461046;7.22413247;;;;2000;2027-01-01;https://www.baulinks.de/webplugin/2026/0753.php4;https://www.datacenter-insider.de/spatenstich-in-herne-fuer-neues-rechenzentrum-a-11c4536c0324035013ce51ade764551d/;;;;
HLRS III;Universität Stuttgart;Universität Stuttgart;Germany;University;University;under_construction;;foundation_laid;Baden-Württemberg;Stuttgart;Stuttgart;70569;48.73959603;9.09712772;4700;;;;2027-01-01;https://www.uni-stuttgart.de/universitaet/aktuelles/meldungen/Grundstein-fuer-Neubau-HLRS-III-gelegt/;https://www.baden-wuerttemberg.de/de/service/presse/pressemitteilung/pid/start-fuer-das-hoechstleistungsrechenzentrum-an-der-universitaet-stuttgart-1;;;;
Hofheim-Marxheim FRA1;Prime Data Centers;Süwag;United States;Developer;Co-Location;under_construction;30;under_construction;Hessen;Rhein-Main;Hofheim-Marxheim;65719;50.05713778;8.43416006;11000;;;;2027-01-01;https://www.suewag.com/corp/medien-und-dialog/newsroom/rechenzentrum-hofheim-baurechtschaffung-abgeschlossen;https://www.datacenter-insider.de/baurecht-fuer-neues-rechenzentrum-in-hofheim-gesichert-a-850e9226dff0b6842f7a3a9dcb36bfc5/?cflt=rdt;https://www.hofheim.de/fileadmin/dokumente/Leben_in_Hofheim/Planen_Bauen_und_Verkehr/Bebauungsplaene/Marxheim/B-Plan_Nr._150_Begruendung__Rechenzentrum_Marxheim_.pdf&ved=2ahUKEwi_hY2Ez8WVAxXP2QIHHZ-VJvgQFnoECB4QAQ&usg=AOvVaw35j3YAupY7uzs1pUFTX22c;;;
Jupiter;Unknown;Prime Capital AG;Germany;Developer;Hyperscale;planned;20;planning;Brandenburg;Lausitz/Südbrandenburg;Finsterwalde;03238;51.60837143;13.72988278;;;300000;;;https://www.finsterwalde.de/loadDocument.phtml?FID=3652.2966.1&Ext=PDF;https://www.finsterwalde.de/Wirtschaft-Bauen/Stadtentwicklung/Energiekopplungsprojekt/;;;;
Karben-Rendel;Kauri Cab;Black Rock Real Estate;United States;Developer;Co-Location;planned;30;planning;Hessen;Frankfurt;Karben;61137;50.20231259;8.81728124;;;;33000;;https://www.iz.de/projekte/news/-blackrock-und-kauri-cab-sichern-sich-flaeche-und-strom-in-der-wetterau-2000043224;https://www.faz.net/aktuell/rhein-main/region-und-hessen/karben-spatenstich-fuer-rechenzentrum-im-september-geplant-200673848.html;https://www.region-frankfurt.de/Services/Presseportal/Pressemitteilungen/Neues-Rechenzentrum-im-Karbener-Stadtteil-Rendel.php?object=&ModID=7&FID=3255.1624.1&NavID=3255.86&La=1;;;
Katzenfeld;Unknown;Revikon;Germany;Developer;Co-Location;planned;20;planning;Hessen;Gießen;Gießen;35398;50.60282758;8.65774854;170000;;65000;;2026-01-01;https://www.giessener-anzeiger.de/stadt-giessen/rechenzentrum-rueckt-naeher-magistrat-aendert-flaechennutzungsplan-94334145.html;https://www.giessen.de/Leben/Wohnen-Planen-Bauen/Bauprojekte/-Im-Katzenfeld-/;https://www.datacenter-insider.de/rechenzentrum-in-giessen-geplant-a-9b22d656c30a6c500555eac47e7c1ca9/;https://www.giessener-allgemeine.de/giessen/rechenzentrum-in-giessen-verzoegert-sich-um-ein-jahr-baukosten-ueber-einer-milliarde-94335370.html;https://www.n-ag.de/deutschland/hessen/giessen/giessen-auf-digitalem-kurs-neues-rechenzentrum-bringt-innovation-und-wachstum/;
KI-Rechenzentrum Leipzig;Universität Leipzig;Universität Leipzig;Germany;University;University;planned;100;planning;Sachsen;Leipzig;Leipzig;04103;51.31826119;12.40285892;;;;1400;;https://www.uni-leipzig.de/newsdetail/artikel/ki-rechenzentrum-fertig-geplant-bau-und-uebergabe-bis-2028-2026-04-17;;;;;
KI-Rechenzentrum Neckarwestheim;IPAI;Schwarz-Gruppe;Germany;Enterprise;Hyperscale;under_construction;;groundbreaking;Baden-Württemberg;Region Heilbronn-Franken;Heilbronn (Neckarwestheim);74382;49.04202937;9.17374464;25000;;;;2027-01-01;https://www.tagesschau.de/wirtschaft/ki-zentrum-ipai-100.html;https://www.swr.de/swraktuell/baden-wuerttemberg/heilbronn/ki-statt-kernkraft-rechenzentrum-auf-gelaende-akw-neckarwestheim-geplant-100.html;https://www.datacenter-insider.de/aus-ex-akw-wird-ki-gigarechenzentrum-was-steckt-hinter-der-aussage-von-enbw-a-12b8c06c96e69079130b95340a92754e/;https://www.swr.de/swraktuell/baden-wuerttemberg/heilbronn/heilbronn-ipai-ki-campus-spatenstich-kanzler-dieter-schwarz-stiftung-100.html;;
Lahr;LEITWERK Rechenzentren;Q-Fox;Germany;Operator;Co-Location;under_construction;100;topping_out;Baden-Württemberg;Ortenau/Oberrhein;Lahr;77933;48.347947;7.824441;;600;1000;;2027-01-01;https://www.leitwerk.de/blog/bau-des-groessten-rechenzentrums-in-der-region-hat-begonnen/;https://www.e-werk-mittelbaden.de/presse/grundsteinlegung-rechenzentrum-lahr;;;;
Langenhorn;Unknown;Uniq Land;Germany;Developer;Co-Location;planned;10;planning;Schleswig-Holstein;Nordfriesland;Langenhorn;25842;54.6948538;8.97233803;;;150000;;2029-01-01;https://www.shz.de/lokales/bredstedt/artikel/geplantes-xxl-rechenzentrum-politik-vertagt-entscheidung-50826860;https://www.shz.de/lokales/bredstedt/artikel/rechenzentrum-in-nordfriesland-was-ist-zum-xxl-projekt-bekannt-50771756;https://www.datacenter-insider.de/300-mw-rechenzentrums-campus-in-nordfriesland-geplant-a-510040b38fe786bdc5460afb048fe8f7/;;;
"Lübbenau (""Home of STACKIT"")";STACKIT;Schwarz Digits;Germany;Operator;Hyperscale;under_construction;60;groundbreaking;Brandenburg;Lausitz/Südbrandenburg;Lübbenau;03222;51.85783043;13.96479217;130000;;200000;;2027-01-01;https://www.stimme.de/wirtschaft/baden-wuerttemberg/schwarz-gruppe-rechenzentrum-dummerstorf-rostock-luebbenau-milliarden-projekt-schwarz-digits-digitale-infrastruktur-investition-art-5206084;https://live.deutsche-boerse.com/nachrichten/Neues-Rechenzentrum-soll-Luebbenau-mit-Waerme-versorgen-d50a55bd-8b61-48b9-9702-25a63bce909a;https://www.entwicklungsstadt.de/datacenter-auf-kraftwerksgelaende-im-spreewald-entsteht-ein-moderner-digitalstandort/;https://schwarz-digits.de/schwarz-digits-datacenter-luebbenau;;
Maintal;NorthC;Antin Infrastructure Partners;France;Investor;Co-Location;planned;80;planning;Hessen;Frankfurt;Maintal;63477;50.13151876;8.86760705;;;8500;;2028-01-01;https://www.hanauer.de/region/maintal/north-baut-gegenueber-globus-drittes-rechenzentrum-in-maintal-94330822.html;;;;;
Marienpark Campus (BERLIN1-4);Unknown;VIRTUS;United Kingdom;Developer;Co-Location;under_construction;60;groundbreaking;Berlin;Berlin;Marienpark;12107;52.43980904;13.36782752;;;57600;;2026-01-01;https://www.datacenter-insider.de/grundsteinlegung-fuer-vier-virtus-datacenter-im-berliner-marienpark-a-6e6f15dbddcba2ec39b67876f520ec91/;;;;;
Maschen/Seevetal;Unknown;Revitalis Development GmbH;Germany;Developer;Co-Location;planned;10;planning;Hamburg;Hamburg;Maschen;21220;53.3917194;10.04260349;16200;;;;;https://rechenzentrum-maschen.de/was-ist-geplant/;https://www.kreiszeitung-wochenblatt.de/seevetal/c-wirtschaft/wohnungen-gewerbe-feuerwehr-und-rechner_a408031;https://rechenzentrum-seevetal.de/;https://rechenzentrum-maschen.de/;;
MWH02;Mainova WebHouse;Blackstone;Germany;Utility;Co-Location;planned;30;planning;Hessen;Frankfurt;Langen;63225;50.00049903;8.64996304;3600;;28000;;2028-01-01;https://www.datacentermap.com/germany/frankfurt/mainova-webhouse-mwh02/specs/;https://www.langen.de/de/aktuelles-aus-dem-rathaus/startschuss-fuers-zukunftsprojekt.html;;;;
Nonnendammallee;Unknown;Tristan Capital Partners;United Kingdom;Investor;Co-Location;planned;30;planning;Berlin;Berlin;Berlin-Spandau;13629;52.53768731;13.25475061;;;63000;;;https://www.immobilienmanager.de/berlin-aventos-verkauft-rechenzentrums-grundstueck-04122025;;;;;
rhöncloud DataRock;rhöncloud;rhöncloud;Germany;Operator;Enterprise;under_construction;;groundbreaking;Hessen;Osthessen/Rhön;Eichenzell;36124;50.48279151;9.72350687;;;;2000;2026-01-01;https://www.datacenter-insider.de/rhoencloud-baut-datarock-rechenzentrum-in-osthessen-a-ad57b48b21baedb0b7406b8d8706f502/;https://www.eichenzell-aktuell.de/einzelansicht/news/2025/september/zukunftsprojekt-in-eichenzell-spatenstich-fuer-rhoencloud-datarock-1.html;;;;
Rostock;Deutsche Telekom;Stadt Rostock;Germany;Enterprise;Government;under_construction;100;groundbreaking;Mecklenburg-Vorpommern;Rostock;Rostock;18147;54.11966488;12.1479559;450;;800;300;2026-01-01;https://www.datacenter-insider.de/rostock-startet-bau-des-staedtischen-rechenzentrums-a-5e4dad094dfe6100d41f9c703c494ce6/;https://rathaus.rostock.de/de/spatenstich_fuer_staedtisches_rechenzentrum/370297;;;;
Sandershäuser Berg;Unknown;Unknown;EU;Developer;Co-Location;planned;10;planning;Hessen;Kassel;Niestetal;34266;51.32460092;9.57500522;;;100000;;;https://www.datacenter-insider.de/niestetal-schliesst-exklusivvertrag-betreiber-bleibt-vertraulich-a-cb430e3cbe2fec77489c2fec146b5b26/;;;;;
Schuby;Unknown;Unknown;Unknown;;Co-Location;planned;10;planning;Schleswig-Holstein;Schleswig/Flensburg;Schuby;24850;54.5225519;9.4319582;;;1400000;;;https://www.ndr.de/nachrichten/schleswig-holstein/rechenzentren-in-schuby-grosse-chancen-riesiger-strombedarf,schuby-104.html;https://www.schleswig.sitzung-online.de/public/to020?2--anlagenVoHeaderPanel-attachmentsList-1-attachment-link&TOLFDNR=1013234&SILFDNR=1001174;https://www.schleswig.sitzung-online.de/public/to020?0--attachmentsVo-expandedPanel-content-body-rows-2-cells-2-cell-link&TOLFDNR=1013234&SILFDNR=1001174;;;
Schwerin;DVZ-MV;DVZ-MV;Germany;Government;Government;under_construction;;foundation_laid;Mecklenburg-Vorpommern;;Schwerin;;53.64787136;11.38096991;750;;;;2027-01-01;https://www.instagram.com/p/DbJQk2ajyLT/;https://www.facebook.com/dvz.mv/videos/-ein-wichtiger-meilenstein-f%C3%BCr-unser-neues-rechenzentrumgemeinsam-mit-rund-200-k/760628620373472/;https://www.dvz-mv.de/news/startschuss-fuer-neues-rechenzentrum;https://www.dvz-mv.de/kundenmagazin/facts-and-figures;https://sdia.unternehmens.cloud/s/6FKABxg7fn9bqb8;
SDC Berlin 01;Unknown;SDC Capital Partners;United States;Developer;Co-Location;paused;10;;Brandenburg;Berlin-Brandenburg;Trebbin;14959;52.22489015;13.22384582;;;180000;;;https://www.golem.de/news/trebbin-brandenburg-rechenzentrum-hat-probleme-wegen-2-meter-schornsteinlaenge-2509-199724.html;https://sdccapitalpartners.com/investments/;;;;
Vogelsdorf;Unknown;ZAE Projekt GmbH;Germany;Developer;Co-Location;planned;10;planning;Brandenburg;Berlin-Brandenburg;Fredersdorf-Vogelsdorf;15370;52.50073447;13.74304523;;;72000;;;https://www.rbb24.de/panorama/beitrag/2026/03/rechenzentrum-bau-streit-fredersdorf-Vogelsdorf.html;https://www.moz.de/lokales/strausberg/rechenzentrum-in-vogelsdorf-wie-der-investor-aengste-der-einwohner-zerstreuen-moechte-78674988.html;https://www.openpetition.de/petition/online/keine-10-geschossigen-betontuerme-im-alten-vogelsdorf;https://www.bi-triftweg-vogelsdorf.de/projekt-und-einwaende;https://www.tagesschau.de/wirtschaft/digitales/rechenzentren-brandenburg-100.html;
Wimex Rechenzentrum Köthen;;Wimex GmbH;;;;;;planning;Sachsen-Anhalt;;Köthen (Anhalt);06366;51.723;11.957;500000;;;;;https://www.datacenter-insider.de/wimex-sucht-in-koethen-frueh-das-gespraech-vor-dem-bebauungsplan-a-814421a810d441906237300ce74ab99a/;https://www.mz.de/lokal/koethen/rechenzentrum-mit-batteriespeicher-auf-flugplatz-in-kothen-warum-wimex-die-offentlichkeit-einbezieht-4284659;;;;
Wolmirstedt;Unknown;SBB Byte Fortress GmbH;Germany;Developer;Co-Location;planned;10;planning;Sachsen-Anhalt;Magdeburg;Wolmirstedt;39326;52.26272814;11.63523561;27000;;;;;https://www.volksstimme.de/lokal/wolmirstedt/nachster-schritt-zum-rechenzentrum-4242394;https://www.datacenter-insider.de/sbb-bytefortress-kuendigt-milliarden-rechenzentrum-in-sachsen-anhalt-an-a-7e35bd95ec0e88f57dac36c3abcd6c3b/?cflt=rdt;;;;
Wustermark Campus;Unknown;VIRTUS;United Kingdom;Developer;Co-Location;planned;20;planning;Brandenburg;Berlin-Brandenburg;Wustermark;14641;52.53905575;12.92568363;350000;;300000;;2028-01-01;https://www.rbb-online.de/brandenburgaktuell/archiv/20260526_1930/rechenzentrum-wustermark.html;https://de.virtusdatacentres.com/standorte/deutschland/rechenzentren-berlin-campus-wustermark;https://www.datacenter-insider.de/virtus-und-50hertz-sichern-netzanschluss-fuer-300-mw-rechenzentrum-a-6166881921e88025f852334adbf63d42/?cflt=rel;;;
Zschortau-Rackwitz;Unknown;am:pm GmbH;Germany;Developer;Co-Location;planned;10;planning;Sachsen;Leipzig/Halle;Rackwitz;04519;51.47097501;12.35609759;;;500000;;;https://www.datacenter-insider.de/bei-leipzig-entsteht-ein-500-mw-datacenter-campus-a-0adf3f24580a582baebadfd85d125cbc/;https://www.gemeinde-rackwitz.de/portal/seiten/rechenzentrum-zschortau-rackwitz-infrastruktur-fuer-die-digitale-zukunft-900000122-27770.html;https://www.immobilienmanager.de/studie-rechenzentren-wachsen-ueber-metropolen-hinaus-05062026;;;
